{
  "cache": {
    "[0, 0, 5, 2, 0, 0, 0, 2, 0, 0]": 0.8185540252063609,
    "[3, 0, 0, 0, 0, 0, 2, 2, 0, 0]": 0.35045416405033786,
    "[3, 3, 3, 2, 0, 0, 2, 1, 0, 1]": 0.3517562406357699,
    "[1, 3, 2, 0, 0, 1, 0, 1, 0, 1]": 0.005347884274891479,
    "[0, 7, 4, 0, 1, 0, 2, 1, 0, 0]": 0.7605300574313228,
    "[0, 0, 5, 1, 1, 0, 0, 0, 0, 1]": 0.8294676363819332,
    "[3, 5, 1, 2, 1, 0, 2, 1, 0, 0]": 0.3352677270351536,
    "[1, 2, 3, 3, 1, 2, 2, 2, 0, 1]": 0.37165221922694536,
    "[0, 3, 0, 2, 1, 1, 0, 0, 0, 0]": 0.6816810126904975,
    "[3, 6, 5, 3, 0, 1, 0, 0, 0, 1]": 0.0,
    "[3, 5, 1, 1, 1, 0, 0, 0, 0, 0]": 0.29957263000876727,
    "[3, 9, 0, 3, 1, 2, 1, 2, 0, 0]": 0.35903942626965246,
    "[0, 8, 2, 2, 0, 1, 1, 0, 0, 0]": 0.0033209694413841905,
    "[2, 8, 1, 0, 1, 2, 2, 2, 0, 0]": 0.3745648681977298,
    "[2, 2, 4, 0, 1, 1, 0, 0, 0, 1]": 0.0,
    "[1, 0, 1, 0, 0, 2, 1, 0, 0, 0]": 0.37702209529611225,
    "[0, 0, 5, 2, 0, 1, 0, 2, 0, 0]": 0.5082561887590096,
    "[0, 0, 5, 0, 1, 0, 0, 0, 0, 0]": 0.8387245155024874,
    "[3, 7, 4, 2, 1, 0, 0, 1, 0, 0]": 0.21759519164523847,
    "[0, 3, 0, 3, 1, 1, 2, 0, 0, 0]": 0.7139111053613368,
    "[3, 9, 0, 3, 1, 1, 1, 2, 0, 0]": 0.0,
    "[3, 3, 3, 2, 0, 0, 2, 1, 0, 0]": 0.3365695911791909,
    "[3, 0, 0, 0, 0, 0, 2, 2, 0, 1]": 0.3493208624631463,
    "[0, 0, 5, 2, 1, 0, 0, 2, 0, 0]": 0.8027629694072487,
    "[0, 3, 0, 2, 1, 1, 2, 0, 0, 0]": 0.6499474641917027,
    "[0, 3, 0, 1, 1, 0, 0, 0, 0, 1]": 0.7006438556510459,
    "[0, 0, 1, 2, 0, 1, 1, 0, 0, 0]": 0.8439593967397498,
    "[1, 0, 5, 0, 0, 2, 0, 2, 0, 0]": 0.4859217226159079,
    "[1, 8, 1, 0, 0, 2, 1, 2, 0, 0]": 0.3720276906968166,
    "[2, 0, 1, 0, 1, 2, 2, 0, 0, 0]": 0.37726773848996265,
    "[0, 0, 0, 2, 0, 1, 0, 0, 0, 0]": 0.8649015012902865,
    "[0, 0, 5, 0, 0, 0, 0, 0, 0, 0]": 0.8210391535884968,
    "[0, 0, 5, 0, 1, 0, 0, 0, 0, 1]": 0.8447642040747054,
    "[0, 0, 5, 1, 1, 0, 0, 0, 0, 0]": 0.8281223318610376,
    "[0, 0, 5, 2, 1, 0, 0, 0, 0, 0]": 0.8030513825247924,
    "[0, 0, 5, 1, 0, 0, 0, 2, 0, 1]": 0.8416374564276701,
    "[0, 7, 4, 0, 1, 0, 2, 1, 0, 1]": 0.7564000394393048,
    "[0, 7, 0, 3, 1, 0, 2, 1, 0, 0]": 0.8282502922369277,
    "[0, 3, 4, 0, 1, 1, 2, 0, 0, 0]": 0.7061736657833159,
    "[0, 0, 5, 0, 0, 0, 0, 0, 0, 1]": 0.8235930940828021,
    "[0, 0, 5, 2, 1, 1, 1, 2, 0, 0]": 0.5959043231389585,
    "[0, 0, 1, 1, 1, 2, 0, 0, 0, 1]": 0.8596507926414481,
    "[0, 0, 5, 0, 1, 1, 0, 0, 0, 0]": 0.10856647861015283,
    "[0, 0, 5, 1, 0, 0, 0, 0, 0, 1]": 0.8379033478070227,
    "[0, 7, 0, 3, 1, 0, 0, 0, 0, 0]": 0.8368093311167758,
    "[0, 0, 5, 1, 1, 0, 1, 2, 0, 0]": 0.8243558960354683,
    "[0, 0, 0, 2, 0, 1, 0, 0, 0, 1]": 0.8600700983347959,
    "[0, 0, 5, 0, 1, 2, 0, 0, 0, 1]": 0.8507815591985372,
    "[0, 0, 1, 1, 1, 0, 0, 0, 0, 1]": 0.8566025473823431,
    "[0, 0, 5, 2, 0, 0, 0, 0, 0, 1]": 0.8476015186701602,
    "[0, 0, 1, 1, 0, 1, 1, 2, 0, 0]": 0.8421631825019464,
    "[0, 0, 5, 0, 1, 0, 0, 1, 0, 0]": 0.8408804453100612,
    "[0, 0, 5, 1, 1, 1, 0, 0, 0, 1]": 0.47929770526303406,
    "[0, 7, 0, 1, 0, 0, 2, 0, 0, 0]": 0.8267533339016545,
    "[2, 0, 0, 2, 0, 1, 2, 0, 0, 0]": 0.0,
    "[0, 0, 0, 1, 1, 2, 0, 0, 0, 0]": 0.8821281643510538,
    "[0, 0, 5, 1, 1, 2, 0, 0, 0, 1]": 0.835832810722597,
    "[0, 0, 5, 0, 0, 0, 0, 2, 0, 1]": 0.8189456312420513,
    "[0, 0, 1, 0, 1, 1, 1, 0, 0, 1]": 0.8238224618093858,
    "[0, 0, 0, 1, 0, 1, 0, 0, 0, 0]": 0.8648423777834598,
    "[0, 0, 0, 2, 0, 1, 0, 2, 0, 0]": 0.8566872580365158,
    "[0, 0, 4, 2, 0, 2, 0, 0, 0, 1]": 0.835264986642003,
    "[0, 0, 0, 2, 0, 1, 1, 0, 0, 1]": 0.8510515981514654,
    "[0, 0, 0, 2, 1, 1, 0, 0, 0, 1]": 0.8424089041152547,
    "[0, 1, 1, 1, 1, 2, 2, 0, 0, 1]": 0.8437827122492115,
    "[3, 0, 1, 1, 1, 0, 0, 0, 0, 1]": 0.33500759333050767,
    "[0, 0, 0, 1, 0, 2, 0, 0, 0, 1]": 0.8625693773755936,
    "[0, 0, 0, 3, 0, 2, 0, 2, 0, 0]": 0.8681062014367963,
    "[0, 5, 0, 2, 0, 1, 0, 1, 0, 0]": 0.7427235951520866,
    "[0, 2, 0, 2, 0, 1, 2, 0, 0, 0]": 0.7509423576712764,
    "[2, 0, 5, 2, 0, 1, 0, 0, 0, 0]": 0.0,
    "[0, 7, 0, 2, 0, 1, 0, 0, 0, 0]": 0.7129908957434615,
    "[0, 0, 0, 1, 0, 1, 0, 2, 0, 0]": 0.8674064653381973,
    "[0, 0, 2, 3, 1, 2, 0, 0, 0, 1]": 0.597623549912106,
    "[0, 0, 0, 1, 0, 2, 0, 2, 0, 0]": 0.8642970597176415,
    "[0, 0, 0, 2, 0, 1, 1, 0, 0, 0]": 0.8470542819221434,
    "[0, 0, 0, 2, 0, 1, 2, 0, 0, 0]": 0.8417773562237102,
    "[0, 0, 4, 0, 0, 2, 0, 0, 0, 0]": 0.823601875695938,
    "[0, 0, 0, 2, 1, 0, 2, 0, 0, 0]": 0.8311060478937047,
    "[0, 0, 0, 2, 0, 0, 0, 0, 0, 0]": 0.8576798094740522,
    "[0, 0, 0, 3, 0, 1, 0, 2, 0, 0]": 0.8732945616113537,
    "[0, 2, 0, 1, 0, 1, 1, 2, 0, 0]": 0.8569361095212291,
    "[0, 0, 0, 1, 0, 0, 0, 2, 0, 1]": 0.8580923678869741,
    "[0, 6, 0, 2, 0, 1, 2, 0, 0, 1]": 0.7509033409562244,
    "[0, 0, 0, 0, 0, 1, 1, 0, 0, 0]": 0.8529712754782375,
    "[0, 0, 4, 3, 0, 1, 0, 0, 0, 0]": 0.24950496903897992,
    "[0, 0, 0, 2, 0, 0, 1, 1, 0, 0]": 0.8491034062333948,
    "[0, 0, 0, 1, 0, 2, 0, 0, 0, 0]": 0.8603998959209607,
    "[0, 6, 0, 1, 1, 2, 2, 0, 0, 0]": 0.8704967875658852,
    "[0, 0, 0, 3, 0, 1, 0, 0, 0, 0]": 0.8714479113964946,
    "[2, 7, 0, 3, 0, 1, 0, 2, 0, 1]": 0.0,
    "[0, 0, 1, 3, 1, 2, 0, 2, 0, 0]": 0.8613902349756212,
    "[1, 0, 0, 0, 0, 1, 0, 0, 0, 0]": 0.0,
    "[0, 1, 0, 1, 0, 0, 0, 2, 0, 1]": 0.8575768229568028,
    "[0, 0, 5, 1, 1, 2, 2, 0, 0, 0]": 0.8384139774554185,
    "[2, 0, 0, 1, 1, 2, 0, 0, 0, 0]": 0.37969279652477206,
    "[0, 0, 0, 3, 0, 1, 1, 0, 0, 0]": 0.8615252373526004,
    "[0, 6, 1, 0, 1, 2, 2, 0, 0, 0]": 0.7577512559308351,
    "[3, 0, 0, 1, 1, 2, 0, 2, 0, 0]": 0.37534679691927364,
    "[3, 0, 0, 3, 0, 1, 0, 2, 0, 0]": 0.0,
    "[0, 0, 1, 3, 0, 2, 0, 2, 0, 1]": 0.8539955205226301,
    "[0, 0, 0, 1, 1, 1, 0, 2, 0, 0]": 0.8867531079487688,
    "[0, 0, 0, 1, 1, 2, 0, 2, 0, 0]": 0.8819134737868889,
    "[1, 0, 0, 2, 1, 2, 0, 0, 0, 0]": 0.3716381798366314,
    "[0, 0, 0, 3, 1, 2, 0, 0, 0, 0]": 0.8741942764988176,
    "[0, 0, 0, 3, 1, 1, 1, 0, 0, 0]": 0.8729601090440038,
    "[1, 0, 0, 3, 0, 1, 0, 0, 0, 0]": 0.0,
    "[0, 0, 1, 3, 0, 1, 1, 0, 0, 0]": 0.8464434869586585,
    "[3, 0, 0, 2, 0, 2, 0, 1, 0, 1]": 0.38004991029734797,
    "[0, 0, 0, 1, 1, 1, 0, 0, 0, 1]": 0.8866318946712258,
    "[3, 0, 0, 1, 1, 2, 0, 0, 0, 0]": 0.3715541263748699,
    "[0, 0, 0, 1, 1, 2, 2, 2, 0, 0]": 0.8785110467511279,
    "[0, 0, 0, 3, 0, 1, 0, 0, 0, 1]": 0.8717716858155388,
    "[0, 0, 3, 3, 0, 2, 0, 2, 0, 0]": 0.8817137954733973,
    "[3, 0, 0, 1, 1, 1, 0, 0, 0, 1]": 0.0,
    "[0, 0, 0, 1, 1, 2, 1, 0, 0, 0]": 0.8672964941854809,
    "[1, 0, 4, 1, 0, 2, 0, 1, 0, 0]": 0.5918295134723252,
    "[0, 0, 0, 2, 1, 2, 0, 2, 0, 0]": 0.8407381721612528,
    "[0, 0, 2, 1, 1, 2, 0, 0, 0, 0]": 0.6008555122896189,
    "[0, 0, 0, 3, 1, 1, 0, 2, 0, 1]": 0.884664515440442,
    "[0, 4, 0, 1, 1, 1, 0, 2, 0, 0]": 0.88131004058503,
    "[0, 5, 0, 1, 1, 0, 0, 0, 0, 0]": 0.8726763821937883,
    "[0, 0, 0, 1, 1, 1, 2, 2, 0, 0]": 0.8658123664273708,
    "[0, 0, 0, 1, 1, 1, 0, 0, 0, 0]": 0.8829651795037795,
    "[0, 0, 0, 0, 1, 2, 0, 0, 0, 1]": 0.8612101813238532,
    "[0, 0, 0, 1, 1, 2, 2, 0, 0, 1]": 0.8731553918946503,
    "[3, 0, 0, 3, 1, 2, 0, 0, 0, 0]": 0.37548112588511356,
    "[0, 0, 0, 2, 1, 2, 1, 2, 0, 0]": 0.8259485733716007,
    "[0, 0, 0, 1, 1, 0, 2, 2, 0, 0]": 0.8693837974706955,
    "[0, 2, 0, 1, 1, 1, 0, 2, 0, 0]": 0.8907800701615781,
    "[1, 0, 0, 1, 1, 1, 0, 2, 0, 1]": 0.0,
    "[0, 0, 0, 3, 1, 1, 0, 2, 0, 0]": 0.8824757838244396,
    "[2, 0, 0, 1, 1, 1, 2, 0, 0, 0]": 0.0,
    "[0, 0, 0, 1, 1, 0, 0, 0, 0, 0]": 0.8754476068194585,
    "[0, 4, 0, 1, 1, 1, 0, 0, 0, 1]": 0.8802436259990916,
    "[2, 0, 0, 2, 1, 2, 2, 0, 0, 1]": 0.3783960973012501,
    "[0, 2, 0, 3, 1, 1, 0, 2, 0, 0]": 0.8815654288484612,
    "[1, 0, 0, 2, 1, 2, 2, 2, 0, 0]": 0.37740135933449465,
    "[0, 0, 0, 1, 1, 1, 0, 2, 0, 1]": 0.884668632309199,
    "[0, 0, 1, 2, 1, 1, 0, 2, 0, 0]": 0.8329755634151502,