{
  "cache": {
    "[0, 0, 5, 2, 0, 0, 0, 2, 0, 0]": 0.8338856395961203,
    "[3, 0, 0, 0, 0, 0, 2, 2, 0, 0]": 0.2889703950019525,
    "[3, 3, 3, 2, 0, 0, 2, 1, 0, 1]": 0.27815721234855667,
    "[1, 3, 2, 0, 0, 1, 0, 1, 0, 1]": 0.006019143264658432,
    "[0, 7, 4, 0, 1, 0, 2, 1, 0, 0]": 0.685651853453302,
    "[0, 0, 5, 1, 1, 0, 0, 0, 0, 1]": 0.8098506711195853,
    "[3, 5, 1, 2, 1, 0, 2, 1, 0, 0]": 0.2658227489144327,
    "[1, 2, 3, 3, 1, 2, 2, 2, 0, 1]": 0.34846619291252734,
    "[0, 3, 0, 2, 1, 1, 0, 0, 0, 0]": 0.6666695038231455,
    "[3, 6, 5, 3, 0, 1, 0, 0, 0, 1]": 0.0,
    "[3, 5, 1, 1, 1, 0, 0, 0, 0, 0]": 0.25763813576065286,
    "[3, 9, 0, 3, 1, 2, 1, 2, 0, 0]": 0.34110651900892813,
    "[0, 8, 2, 2, 0, 1, 1, 0, 0, 0]": 0.022518802042189433,
    "[2, 8, 1, 0, 1, 2, 2, 2, 0, 0]": 0.33003542124811724,
    "[2, 2, 4, 0, 1, 1, 0, 0, 0, 1]": 0.0,
    "[1, 0, 1, 0, 0, 2, 1, 0, 0, 0]": 0.34449853622208887,
    "[0, 0, 5, 1, 1, 1, 0, 0, 0, 1]": 0.6222409354017606,
    "[0, 0, 5, 0, 0, 0, 0, 2, 0, 1]": 0.7859816923415807,
    "[3, 7, 4, 2, 1, 0, 0, 1, 0, 0]": 0.23895544504872288,
    "[0, 3, 0, 3, 1, 1, 2, 0, 0, 0]": 0.734899384947181,
    "[1, 2, 3, 0, 1, 2, 2, 2, 0, 0]": 0.33890272183476894,
    "[1, 0, 1, 3, 0, 2, 1, 0, 0, 1]": 0.34913256307019025,
    "[2, 8, 1, 0, 1, 1, 2, 2, 0, 0]": 0.0,
    "[3, 0, 0, 0, 0, 0, 2, 2, 0, 1]": 0.28333423057562035,
    "[3, 3, 3, 2, 0, 0, 2, 1, 0, 0]": 0.2779752150975435,
    "[0, 0, 5, 2, 1, 0, 0, 2, 0, 0]": 0.8120752880149017,
    "[0, 0, 5, 1, 0, 0, 0, 0, 0, 1]": 0.826964376871577,
    "[0, 0, 5, 0, 1, 0, 0, 2, 0, 1]": 0.8571348181323166,
    "[0, 3, 0, 2, 1, 1, 2, 0, 0, 0]": 0.6707631707553487,
    "[0, 7, 4, 2, 1, 1, 0, 1, 0, 1]": 0.3333457988417507,
    "[0, 0, 1, 1, 1, 1, 1, 0, 0, 1]": 0.8173437606930992,
    "[1, 0, 5, 3, 0, 2, 0, 0, 0, 1]": 0.509384626072487,
    "[1, 9, 3, 3, 1, 2, 2, 2, 0, 1]": 0.3380803700505352,
    "[3, 2, 0, 3, 1, 2, 1, 2, 0, 0]": 0.3414671857538082,
    "[0, 0, 0, 0, 1, 0, 1, 2, 0, 1]": 0.8673445073986044,
    "[0, 0, 1, 1, 0, 0, 1, 0, 0, 1]": 0.7956659380079365,
    "[0, 0, 5, 1, 1, 0, 0, 2, 0, 1]": 0.8051526502649464,
    "[0, 0, 5, 2, 1, 0, 0, 0, 0, 0]": 0.7950077805575743,
    "[0, 3, 0, 3, 1, 1, 2, 0, 0, 1]": 0.7403522111577335,
    "[0, 3, 4, 0, 1, 1, 2, 0, 0, 0]": 0.7370273609460074,
    "[0, 7, 0, 3, 1, 0, 2, 1, 0, 0]": 0.7969693975971345,
    "[0, 0, 5, 1, 1, 2, 0, 2, 0, 1]": 0.8195908278717934,
    "[0, 0, 5, 1, 1, 1, 1, 0, 0, 1]": 0.6115171531923701,
    "[0, 0, 1, 2, 1, 1, 0, 2, 0, 0]": 0.8009428977268582,
    "[0, 7, 0, 3, 0, 0, 1, 0, 0, 1]": 0.7970107504623226,
    "[0, 0, 1, 1, 1, 0, 1, 2, 0, 0]": 0.805022082912615,
    "[0, 0, 0, 0, 1, 0, 1, 2, 0, 0]": 0.8590586400085841,
    "[0, 0, 5, 1, 1, 2, 0, 0, 0, 1]": 0.826386055355899,
    "[0, 0, 5, 1, 0, 0, 0, 2, 0, 1]": 0.8221093501270869,
    "[0, 0, 5, 1, 1, 2, 1, 0, 0, 1]": 0.8122713639662454,
    "[0, 0, 1, 1, 1, 1, 0, 0, 0, 1]": 0.8280742804369747,
    "[0, 0, 5, 2, 1, 1, 0, 2, 0, 0]": 0.6782569394937066,
    "[0, 0, 1, 2, 1, 0, 2, 2, 0, 0]": 0.7831748530381657,
    "[2, 0, 0, 0, 1, 0, 2, 2, 0, 1]": 0.2604735782871652,
    "[0, 0, 0, 0, 1, 0, 0, 2, 0, 0]": 0.8663662433511031,
    "[0, 0, 1, 2, 1, 1, 0, 0, 0, 1]": 0.8059187978643421,
    "[0, 0, 5, 1, 0, 2, 0, 1, 0, 1]": 0.8324775303279374,
    "[0, 0, 0, 0, 1, 2, 1, 2, 0, 1]": 0.8490097282751627,
    "[0, 0, 0, 0, 0, 0, 1, 2, 0, 1]": 0.8568903885779982,
    "[0, 0, 0, 0, 1, 0, 0, 2, 0, 1]": 0.8683761913657164,
    "[0, 0, 0, 0, 0, 0, 1, 2, 0, 0]": 0.8623520883668399,
    "[0, 1, 5, 2, 0, 0, 2, 2, 0, 0]": 0.7497847494369999,
    "[3, 0, 5, 0, 1, 0, 0, 2, 0, 1]": 0.01819000438383063,
    "[0, 0, 0, 0, 0, 0, 0, 2, 0, 0]": 0.8708751625645698,
    "[0, 0, 0, 3, 1, 2, 1, 1, 0, 1]": 0.8614701223872969,
    "[0, 5, 0, 0, 1, 0, 1, 0, 0, 1]": 0.8364397624624281,
    "[0, 2, 0, 0, 1, 0, 2, 2, 0, 1]": 0.8480154946282535
  },
  "statistics": {
    "total_evaluations": 67,
    "cache_hits": 25,
    "cache_misses": 42,
    "api_calls": 67,
    "cache_size": 67,
    "hit_rate_percent": 37.3134328358209,
    "efficiency_percent": 0.0,
    "cache_enabled": true
  },
  "metadata": {
    "last_updated": "2025-09-10 12:48:30",
    "cache_file_version": "1.0"
  }
}