{
  "cache": {
    "[0, 0, 4, 1, 0, 0, 2, 0, 0, 1]": 0.8239582247567222,
    "[0, 0, 1, 1, 0, 2, 2, 0, 0, 1]": 0.8049801215056906,
    "[1, 7, 9, 2, 0, 0, 2, 1, 0, 1]": 0.6777329982387266,
    "[1, 3, 5, 0, 0, 1, 0, 1, 0, 1]": 0.8437138198501931,
    "[0, 7, 8, 0, 1, 0, 2, 1, 0, 0]": 0.6927320831703686,
    "[0, 0, 10, 1, 1, 0, 0, 0, 0, 1]": 0.7755891254480732,
    "[0, 3, 0, 2, 1, 1, 0, 0, 0, 0]": 0.6797714479955315,
    "[0, 0, 5, 2, 0, 0, 0, 2, 0, 0]": 0.8044059806147318,
    "[3, 0, 0, 0, 0, 0, 2, 2, 0, 0]": 0.7833734605074822,
    "[3, 3, 3, 2, 0, 0, 2, 1, 0, 1]": 0.4697041699322751,
    "[1, 3, 2, 0, 0, 1, 0, 1, 0, 1]": 0.006764757143020781,
    "[0, 7, 4, 0, 1, 0, 2, 1, 0, 0]": 0.7194692464791721,
    "[0, 0, 5, 1, 1, 0, 0, 0, 0, 1]": 0.7752661768510568,
    "[3, 5, 1, 2, 1, 0, 2, 1, 0, 0]": 0.6787090600732462,
    "[1, 2, 3, 3, 1, 2, 2, 2, 0, 1]": 0.8564900315561299,
    "[3, 6, 5, 3, 0, 1, 0, 0, 0, 1]": 0.0,
    "[3, 5, 1, 1, 1, 0, 0, 0, 0, 0]": 0.7622122896908108,
    "[3, 9, 0, 3, 1, 2, 1, 2, 0, 0]": 0.8087786243145161,
    "[0, 8, 2, 2, 0, 1, 1, 0, 0, 0]": 0.005866887679959264,
    "[2, 8, 1, 0, 1, 2, 2, 2, 0, 0]": 0.7258656097363008,
    "[2, 2, 4, 0, 1, 1, 0, 0, 0, 1]": 0.007747685474384275,
    "[1, 0, 1, 0, 0, 2, 1, 0, 0, 0]": 0.7874736449788877,
    "[3, 2, 3, 3, 1, 0, 1, 2, 0, 0]": 0.8131425955072998,
    "[1, 9, 0, 0, 1, 2, 2, 2, 0, 0]": 0.8313266336115465,
    "[3, 0, 5, 0, 0, 0, 1, 2, 0, 0]": 0.015942903449741818,
    "[1, 0, 1, 3, 0, 2, 0, 0, 0, 0]": 0.821673613936311,
    "[3, 0, 0, 1, 0, 0, 2, 2, 0, 1]": 0.7851682403941621,
    "[0, 0, 5, 0, 1, 0, 0, 0, 0, 0]": 0.8111927943921614,
    "[2, 8, 1, 0, 1, 1, 2, 2, 0, 0]": 0.718511835631103,
    "[1, 9, 3, 3, 1, 2, 2, 2, 0, 1]": 0.7656339373299693,
    "[1, 2, 0, 0, 1, 2, 2, 2, 0, 0]": 0.8341859058723222,
    "[3, 0, 1, 3, 1, 2, 0, 0, 0, 0]": 0.7823037976947148,
    "[1, 2, 3, 3, 1, 0, 1, 2, 0, 0]": 0.8555783091133188,
    "[3, 9, 0, 3, 1, 2, 0, 2, 0, 0]": 0.8137820944191035,
    "[0, 0, 5, 2, 1, 1, 1, 0, 0, 1]": 0.5558801311427084,
    "[0, 0, 1, 2, 0, 0, 1, 0, 0, 0]": 0.7949307933256514,
    "[1, 0, 5, 0, 0, 2, 0, 2, 0, 0]": 0.7703214987490143,
    "[1, 2, 0, 3, 1, 2, 0, 2, 0, 1]": 0.8520331861204238,
    "[1, 2, 3, 3, 0, 0, 1, 2, 0, 0]": 0.8448528644045413,
    "[3, 0, 0, 3, 0, 2, 0, 0, 0, 0]": 0.8058169880991569,
    "[1, 9, 1, 3, 1, 2, 0, 2, 0, 0]": 0.8104996174165896,
    "[0, 0, 5, 0, 1, 0, 0, 0, 0, 1]": 0.8056647643719935,
    "[3, 0, 0, 1, 0, 0, 1, 0, 0, 1]": 0.7868970944458067,
    "[0, 0, 1, 2, 0, 0, 2, 2, 0, 0]": 0.7947921213953808,
    "[1, 2, 3, 3, 0, 2, 0, 2, 0, 1]": 0.8536490915786935,
    "[1, 2, 0, 3, 1, 2, 1, 2, 0, 0]": 0.8448282222821579,
    "[1, 2, 0, 0, 1, 0, 2, 2, 0, 0]": 0.824495443039263,
    "[1, 9, 0, 0, 0, 0, 2, 2, 0, 1]": 0.8200966375587478,
    "[1, 2, 3, 3, 1, 2, 0, 0, 0, 0]": 0.8550504587929644,
    "[3, 0, 1, 3, 0, 0, 1, 1, 0, 0]": 0.7617147474616377,
    "[2, 2, 1, 2, 1, 2, 2, 2, 0, 1]": 0.7020545485314342,
    "[1, 2, 3, 3, 1, 0, 2, 2, 0, 1]": 0.8351211332961764,
    "[1, 2, 1, 3, 1, 0, 1, 2, 0, 1]": 0.846184398253764,
    "[1, 2, 3, 3, 1, 2, 0, 2, 0, 1]": 0.8639146455338568,
    "[1, 6, 3, 3, 0, 2, 0, 2, 0, 1]": 0.8412218999527171,
    "[1, 6, 0, 3, 1, 2, 0, 2, 0, 1]": 0.8480333544466258,
    "[1, 2, 3, 3, 0, 0, 1, 0, 0, 0]": 0.8443064238508174,
    "[1, 2, 0, 1, 1, 2, 1, 2, 0, 0]": 0.8502105839946708,
    "[1, 2, 0, 3, 0, 0, 2, 2, 0, 0]": 0.8265743582326738,
    "[1, 2, 3, 1, 1, 2, 1, 2, 0, 1]": 0.8522654160139913,
    "[1, 2, 3, 0, 1, 0, 2, 2, 0, 0]": 0.8254872464248968,
    "[1, 2, 3, 3, 1, 2, 1, 2, 0, 0]": 0.8453301520446972,
    "[1, 2, 0, 1, 1, 2, 0, 2, 0, 1]": 0.8615263785161494,
    "[1, 6, 0, 3, 1, 2, 1, 2, 0, 0]": 0.8377243169205499,
    "[1, 2, 1, 2, 1, 0, 1, 2, 0, 1]": 0.7103548122650217,
    "[1, 2, 3, 3, 1, 1, 0, 2, 0, 1]": 0.8681336721877753,
    "[1, 2, 0, 3, 1, 2, 2, 2, 0, 1]": 0.8555540874805,
    "[1, 2, 3, 1, 1, 2, 0, 2, 0, 1]": 0.8559261735924636,
    "[1, 2, 3, 3, 1, 2, 2, 1, 0, 1]": 0.8593828459218369,
    "[1, 2, 4, 3, 1, 1, 2, 2, 0, 0]": 0.3217061068516226,
    "[1, 2, 3, 3, 1, 0, 0, 2, 0, 0]": 0.8559092317489497,
    "[1, 2, 3, 3, 0, 2, 0, 0, 0, 0]": 0.8547361173378103,
    "[1, 0, 3, 1, 1, 2, 2, 2, 0, 1]": 0.7988372898602332,
    "[3, 2, 3, 3, 0, 2, 0, 2, 0, 1]": 0.7319737225355454,
    "[1, 2, 3, 3, 1, 1, 0, 0, 0, 0]": 0.8629892015289071,
    "[1, 2, 0, 3, 1, 1, 0, 1, 0, 1]": 0.8638879720689587,
    "[1, 5, 3, 3, 1, 2, 2, 1, 0, 1]": 0.8424574319450139,
    "[1, 2, 3, 3, 1, 1, 2, 2, 0, 1]": 0.8442771219429326,
    "[1, 2, 3, 3, 1, 0, 2, 2, 0, 0]": 0.8370349613341008,
    "[1, 2, 1, 3, 1, 1, 0, 2, 0, 1]": 0.8659876826656983,
    "[1, 2, 3, 3, 1, 2, 0, 2, 0, 0]": 0.8582809571842386,
    "[1, 2, 0, 3, 1, 1, 2, 1, 0, 1]": 0.8533294069147733,
    "[1, 2, 0, 3, 1, 2, 0, 2, 0, 0]": 0.8616955828349717,
    "[1, 8, 1, 1, 0, 1, 0, 0, 0, 1]": 0.7977568003262598,
    "[1, 2, 4, 2, 1, 2, 1, 1, 0, 1]": 0.8205857663843312,
    "[1, 2, 3, 3, 1, 1, 0, 2, 0, 0]": 0.8601253073754964,
    "[3, 2, 3, 3, 1, 1, 2, 2, 0, 1]": 0.8128913804029839,
    "[1, 2, 1, 3, 1, 2, 0, 2, 0, 1]": 0.8482559938052714,
    "[1, 4, 3, 3, 0, 2, 0, 2, 0, 1]": 0.8493175275582329,
    "[0, 2, 3, 1, 1, 2, 2, 2, 0, 1]": 0.8431016244074176,
    "[0, 2, 3, 0, 1, 2, 0, 2, 0, 1]": 0.8291689971150711,
    "[1, 4, 0, 3, 1, 2, 2, 2, 0, 0]": 0.8462431616399377,
    "[1, 2, 4, 3, 1, 1, 0, 2, 0, 1]": 0.31114557982748686,
    "[1, 2, 1, 3, 1, 1, 2, 2, 0, 1]": 0.8457118729954647,
    "[1, 6, 3, 3, 1, 1, 2, 2, 0, 1]": 0.8497130015601829,
    "[1, 2, 1, 3, 0, 1, 0, 2, 0, 1]": 0.8501450034407395,
    "[1, 9, 3, 0, 1, 2, 0, 2, 0, 1]": 0.7677155263939186,
    "[1, 2, 2, 3, 0, 2, 0, 1, 0, 1]": 0.5906113238613293,
    "[1, 2, 3, 3, 0, 2, 0, 0, 0, 1]": 0.8529340492699542,
    "[1, 4, 1, 3, 1, 2, 2, 2, 0, 1]": 0.8351670570010296,
    "[1, 2, 0, 3, 1, 1, 0, 2, 0, 1]": 0.873080606713703,
    "[1, 2, 3, 2, 1, 1, 1, 2, 0, 0]": 0.750642101099258,
    "[1, 2, 1, 2, 1, 2, 0, 2, 0, 1]": 0.7150064020692862,
    "[1, 2, 3, 0, 0, 2, 0, 0, 0, 0]": 0.8467102920429458,
    "[0, 2, 3, 3, 1, 1, 0, 1, 0, 0]": 0.8373937623092034,
    "[1, 2, 1, 3, 0, 1, 1, 2, 0, 0]": 0.8249487696862845,
    "[1, 6, 3, 3, 1, 0, 2, 2, 0, 1]": 0.8405505455428933,
    "[1, 3, 1, 3, 1, 1, 0, 2, 0, 1]": 0.6812388230088443,
    "[1, 2, 4, 2, 1, 1, 0, 2, 0, 1]": 0.7465212374524198,
    "[1, 2, 2, 3, 1, 1, 0, 2, 0, 1]": 0.0021432681707555267,
    "[3, 2, 3, 3, 1, 1, 0, 0, 0, 1]": 0.8311008422912862,
    "[3, 2, 0, 0, 0, 0, 0, 0, 0, 0]": 0.7802844815205582,
    "[1, 2, 3, 2, 1, 1, 0, 2, 0, 1]": 0.7334589314503644,
    "[1, 2, 2, 3, 1, 2, 0, 2, 0, 1]": 0.6068074558938408,
    "[3, 2, 3, 3, 0, 1, 0, 0, 0, 0]": 0.7241381018575709,
    "[3, 2, 3, 3, 1, 1, 0, 2, 0, 1]": 0.8295228309900662,
    "[3, 2, 0, 0, 1, 2, 0, 2, 0, 1]": 0.772084593863336,
    "[1, 2, 3, 1, 1, 1, 0, 2, 0, 1]": 0.8629736959429244,
    "[1, 1, 3, 3, 1, 1, 0, 2, 0, 1]": 0.8648432856840569,
    "[1, 2, 3, 3, 0, 1, 0, 2, 0, 1]": 0.867861806713167,
    "[1, 2, 3, 3, 1, 2, 0, 1, 0, 1]": 0.8595576566143934,
    "[2, 2, 3, 3, 1, 1, 0, 2, 0, 1]": 0.8438649010348017,
    "[1, 2, 0, 3, 0, 1, 0, 2, 0, 1]": 0.8616625257402173,
    "[1, 2, 0, 3, 1, 1, 0, 0, 0, 1]": 0.8685043645406014,
    "[1, 2, 0, 3, 1, 1, 0, 2, 0, 0]": 0.8547231292288119,
    "[0, 2, 0, 3, 0, 1, 0, 2, 0, 1]": 0.8380741095781066,
    "[1, 2, 3, 3, 1, 0, 0, 0, 0, 0]": 0.8486161173511093,
    "[1, 2, 3, 1, 0, 1, 0, 2, 0, 1]": 0.855683106752641,
    "[1, 2, 0, 3, 1, 1, 1, 2, 0, 1]": 0.8531134760717514,
    "[1, 2, 0, 3, 1, 0, 2, 0, 0, 1]": 0.8362462522096924,
    "[1, 2, 3, 3, 1, 1, 0, 0, 0, 1]": 0.8563218758629303,
    "[0, 2, 3, 3, 1, 1, 0, 1, 0, 1]": 0.8410434724028132,
    "[1, 2, 3, 1, 1, 1, 2, 2, 0, 1]": 0.8435075599266743,
    "[1, 2, 3, 3, 1, 1, 1, 2, 0, 0]": 0.8547545579336162,
    "[1, 2, 0, 3, 0, 0, 0, 2, 0, 1]": 0.8534142053378614,
    "[1, 2, 0, 3, 0, 1, 2, 2, 0, 0]": 0.8488704628210934,
    "[1, 2, 4, 3, 0, 2, 0, 0, 0, 1]": 0.8449449412865248,