{
  "cache": {
    "[0, 0, 5, 2, 0, 0, 0, 2, 0, 0]": 0.8254078067491416,
    "[3, 0, 0, 0, 0, 0, 2, 2, 0, 0]": 0.3632744872723863,
    "[3, 3, 3, 2, 0, 0, 2, 1, 0, 1]": 0.342352935907727,
    "[1, 3, 2, 0, 0, 1, 0, 1, 0, 1]": 0.002396654722757591,
    "[0, 7, 4, 0, 1, 0, 2, 1, 0, 0]": 0.7592969956639049,
    "[0, 0, 5, 1, 1, 0, 0, 0, 0, 1]": 0.8308632070452703,
    "[3, 5, 1, 2, 1, 0, 2, 1, 0, 0]": 0.34656079817248875,
    "[1, 2, 3, 3, 1, 2, 2, 2, 0, 1]": 0.37722760011310863,
    "[0, 3, 0, 2, 1, 1, 0, 0, 0, 0]": 0.6649385810147603,
    "[3, 6, 5, 3, 0, 1, 0, 0, 0, 1]": 0.0,
    "[3, 5, 1, 1, 1, 0, 0, 0, 0, 0]": 0.30485976753225374,
    "[3, 9, 0, 3, 1, 2, 1, 2, 0, 0]": 0.3644350937885816,
    "[0, 8, 2, 2, 0, 1, 1, 0, 0, 0]": 0.010329173666875224,
    "[2, 8, 1, 0, 1, 2, 2, 2, 0, 0]": 0.3810162638508174,
    "[2, 2, 4, 0, 1, 1, 0, 0, 0, 1]": 0.0,
    "[1, 0, 1, 0, 0, 2, 1, 0, 0, 0]": 0.38007469660294413,
    "[0, 0, 5, 2, 0, 1, 0, 2, 0, 0]": 0.4768699949841351,
    "[0, 0, 5, 0, 1, 0, 0, 0, 0, 0]": 0.8439051836802537,
    "[3, 7, 4, 2, 1, 0, 0, 1, 0, 0]": 0.20664060991171693,
    "[0, 3, 0, 3, 1, 1, 2, 0, 0, 0]": 0.7229305710133523,
    "[3, 9, 0, 3, 1, 1, 1, 2, 0, 0]": 0.0,
    "[0, 0, 5, 2, 1, 0, 0, 2, 0, 0]": 0.80307209875359,
    "[0, 3, 0, 2, 1, 1, 2, 0, 0, 0]": 0.6715156343175152,
    "[0, 3, 0, 1, 1, 0, 0, 0, 0, 1]": 0.6982553550049876,
    "[0, 0, 1, 2, 0, 1, 2, 2, 0, 0]": 0.8258446721872883,
    "[2, 8, 5, 0, 1, 2, 0, 2, 0, 0]": 0.006166844589857851,
    "[2, 0, 1, 0, 1, 2, 2, 0, 0, 0]": 0.3803382545925176,
    "[1, 8, 1, 0, 0, 2, 1, 2, 0, 0]": 0.3748678966316584,
    "[0, 0, 0, 0, 1, 0, 1, 0, 0, 0]": 0.8619540744943689,
    "[0, 0, 5, 0, 0, 0, 0, 0, 0, 0]": 0.8174974690597668,
    "[0, 0, 5, 2, 0, 1, 2, 2, 0, 0]": 0.47198939711676596,
    "[0, 0, 1, 2, 0, 0, 0, 2, 0, 0]": 0.8384773612347558,
    "[0, 7, 4, 0, 1, 0, 2, 1, 0, 1]": 0.7617268644292584,
    "[0, 7, 0, 3, 1, 0, 2, 1, 0, 0]": 0.8355418440049786,
    "[0, 3, 4, 0, 1, 1, 2, 0, 0, 0]": 0.7099257498427041,
    "[0, 0, 1, 0, 0, 0, 0, 2, 0, 0]": 0.8258801820473559,
    "[0, 0, 5, 2, 1, 2, 0, 0, 0, 0]": 0.8128953291115026,
    "[0, 7, 5, 3, 1, 1, 2, 1, 0, 0]": 0.4708407125864855,
    "[0, 0, 0, 1, 1, 0, 0, 0, 0, 1]": 0.8748986072150621,
    "[0, 0, 5, 1, 0, 1, 0, 0, 0, 0]": 0.3730830073628444,
    "[0, 0, 1, 1, 0, 0, 0, 0, 0, 1]": 0.8467696618889373,
    "[0, 0, 5, 2, 1, 1, 2, 1, 0, 0]": 0.5842178820627035,
    "[0, 0, 1, 1, 0, 0, 1, 0, 0, 1]": 0.8437062422959548,
    "[0, 0, 0, 0, 1, 0, 0, 0, 0, 0]": 0.8634386092171893,
    "[0, 0, 1, 1, 1, 1, 0, 2, 0, 0]": 0.8551099433959088,
    "[0, 0, 0, 2, 1, 0, 1, 0, 0, 0]": 0.8299281927579386,
    "[0, 0, 0, 1, 1, 0, 0, 0, 0, 0]": 0.8753936709578535,
    "[0, 0, 0, 0, 1, 0, 0, 2, 0, 0]": 0.8630523321494374,
    "[0, 0, 1, 1, 0, 1, 0, 2, 0, 1]": 0.8536915071875814,
    "[0, 0, 1, 1, 1, 0, 0, 2, 0, 0]": 0.8525499731467753,
    "[0, 7, 5, 0, 1, 0, 2, 0, 0, 0]": 0.7504004260558026,
    "[0, 2, 5, 0, 1, 0, 0, 0, 0, 0]": 0.856785242019772,
    "[0, 0, 0, 1, 1, 0, 2, 0, 0, 1]": 0.8727912080572864,
    "[0, 0, 0, 2, 1, 0, 0, 0, 0, 1]": 0.8324474225022646,
    "[2, 0, 1, 0, 0, 2, 0, 2, 0, 0]": 0.37631366391167936,
    "[1, 1, 0, 0, 1, 0, 2, 0, 0, 0]": 0.3526061533489208,
    "[0, 0, 4, 1, 1, 0, 0, 2, 0, 0]": 0.8330117816239538,
    "[0, 0, 0, 1, 1, 1, 0, 0, 0, 1]": 0.880402854849154,
    "[0, 0, 4, 1, 0, 0, 0, 0, 0, 1]": 0.8512812631891564,
    "[0, 0, 0, 1, 0, 0, 0, 0, 0, 0]": 0.8594191649337989,
    "[0, 9, 0, 1, 1, 0, 0, 0, 0, 1]": 0.8541780956983958,
    "[0, 0, 1, 1, 1, 0, 0, 0, 0, 0]": 0.8547871570694627,
    "[0, 2, 0, 1, 1, 0, 0, 0, 0, 0]": 0.8851302998199347,
    "[2, 0, 0, 1, 1, 0, 0, 0, 0, 0]": 0.30460303882926953,
    "[0, 0, 0, 1, 1, 0, 0, 2, 0, 1]": 0.8717087343572468,
    "[0, 3, 3, 1, 1, 0, 1, 2, 0, 1]": 0.6934223648830888,
    "[0, 0, 3, 1, 1, 0, 2, 2, 0, 1]": 0.8180877893747787,
    "[0, 2, 0, 1, 1, 0, 0, 0, 0, 1]": 0.8849895792373954,
    "[0, 0, 2, 1, 1, 1, 2, 0, 0, 1]": 0.019182423228742227,
    "[0, 0, 0, 1, 1, 2, 0, 0, 0, 0]": 0.8791508556587128,
    "[0, 0, 2, 1, 1, 0, 0, 0, 0, 0]": 0.6196345697154721,
    "[0, 4, 0, 1, 0, 0, 0, 0, 0, 0]": 0.8535052089597684,
    "[1, 0, 0, 2, 1, 0, 2, 0, 0, 0]": 0.2987903675356417,
    "[1, 0, 0, 0, 1, 0, 0, 0, 0, 0]": 0.3084699298801212,
    "[0, 0, 0, 1, 1, 2, 0, 2, 0, 1]": 0.8770820492602713,
    "[0, 4, 0, 1, 1, 0, 2, 0, 0, 1]": 0.8697193361346939,
    "[0, 2, 4, 1, 1, 0, 0, 0, 0, 0]": 0.8588361152940355,
    "[0, 2, 2, 1, 1, 0, 0, 0, 0, 1]": 0.6925953123556987,
    "[0, 0, 3, 1, 1, 1, 0, 2, 0, 1]": 0.8360340846653006,
    "[0, 0, 0, 1, 1, 0, 2, 2, 0, 1]": 0.8658389877869987,
    "[0, 0, 5, 1, 1, 2, 0, 0, 0, 0]": 0.839730880319251,
    "[0, 4, 2, 3, 1, 0, 0, 0, 0, 0]": 0.6037462196666474,
    "[3, 0, 0, 0, 1, 2, 1, 0, 0, 0]": 0.38021402494150264,
    "[0, 0, 4, 1, 1, 2, 0, 0, 0, 1]": 0.8361498765388028,
    "[1, 0, 0, 1, 1, 0, 0, 0, 0, 1]": 0.2994018131927357,
    "[0, 0, 0, 1, 1, 0, 2, 0, 0, 0]": 0.8715704172391869,
    "[0, 0, 0, 1, 1, 0, 2, 1, 0, 1]": 0.8710764102609854,
    "[0, 0, 3, 3, 1, 0, 2, 2, 0, 1]": 0.8179404796520078,
    "[2, 2, 0, 1, 1, 0, 2, 0, 0, 0]": 0.3525904156266819,
    "[0, 3, 0, 1, 0, 0, 0, 0, 0, 1]": 0.8549669286985955,
    "[0, 2, 0, 1, 0, 0, 0, 0, 0, 1]": 0.8592447670618991,
    "[0, 0, 0, 1, 1, 1, 2, 0, 0, 1]": 0.8591519415056927,
    "[0, 0, 0, 3, 1, 2, 0, 0, 0, 0]": 0.8797222249505025,
    "[1, 0, 0, 1, 1, 2, 0, 2, 0, 1]": 0.3723438925431982,
    "[3, 0, 0, 3, 0, 0, 2, 0, 0, 0]": 0.35461149683026294,
    "[0, 2, 0, 1, 1, 2, 0, 0, 0, 0]": 0.8890946542147081,
    "[1, 2, 0, 3, 1, 0, 0, 0, 0, 1]": 0.3369936112802447,
    "[0, 2, 2, 1, 1, 2, 0, 0, 0, 1]": 0.670240078817895,
    "[3, 0, 0, 3, 0, 1, 0, 0, 0, 1]": 0.0,
    "[0, 2, 0, 1, 0, 0, 1, 0, 0, 0]": 0.8573728669288893,
    "[2, 0, 1, 1, 1, 0, 0, 0, 0, 0]": 0.3393088233145696,
    "[1, 2, 0, 1, 1, 0, 0, 0, 0, 0]": 0.3374394898685508,
    "[2, 2, 0, 1, 1, 0, 0, 2, 0, 1]": 0.30442841015469646,
    "[0, 3, 0, 1, 0, 2, 0, 2, 0, 0]": 0.8607773287610675,
    "[0, 2, 0, 1, 1, 2, 0, 1, 0, 0]": 0.889667592607458,
    "[0, 1, 0, 3, 1, 2, 0, 0, 0, 1]": 0.8842556688584919,
    "[0, 2, 0, 1, 1, 1, 0, 1, 0, 1]": 0.8907499187988022,
    "[0, 2, 0, 2, 1, 0, 0, 0, 0, 0]": 0.7747895335272696,
    "[0, 2, 0, 1, 0, 1, 0, 0, 0, 1]": 0.8652551194629103,
    "[0, 2, 0, 1, 1, 0, 2, 0, 0, 0]": 0.8775174022125605,
    "[0, 2, 0, 1, 1, 0, 2, 1, 0, 0]": 0.8804495075804781,
    "[0, 2, 0, 1, 1, 0, 0, 1, 0, 0]": 0.8837749202867318,
    "[1, 2, 0, 1, 1, 0, 0, 2, 0, 0]": 0.290163762770228,
    "[0, 2, 0, 1, 1, 0, 0, 2, 0, 1]": 0.8818600219357685,
    "[0, 2, 3, 1, 1, 0, 0, 0, 0, 0]": 0.8881166098962371,
    "[0, 2, 0, 3, 1, 1, 0, 1, 0, 1]": 0.8862087867185982,
    "[1, 2, 0, 2, 1, 2, 2, 1, 0, 1]": 0.380185663224282,
    "[0, 2, 0, 1, 1, 2, 0, 1, 0, 1]": 0.8927266854263852,
    "[0, 2, 1, 2, 1, 2, 0, 0, 0, 0]": 0.7655989470026605,
    "[0, 2, 0, 1, 1, 2, 2, 2, 0, 0]": 0.8789741628663456,
    "[0, 2, 0, 1, 0, 1, 0, 2, 0, 0]": 0.8690577223274399,
    "[0, 3, 0, 1, 1, 0, 0, 0, 0, 0]": 0.6972451774766774,
    "[0, 2, 0, 1, 1, 2, 2, 1, 0, 1]": 0.8786962690221708,
    "[0, 9, 0, 1, 1, 1, 0, 1, 0, 0]": 0.8544800946788214,
    "[2, 1, 0, 1, 1, 2, 1, 0, 0, 1]": 0.37942604156995335,
    "[0, 2, 0, 1, 1, 1, 0, 1, 0, 0]": 0.8964198712371027,
    "[1, 2, 0, 2, 1, 0, 0, 0, 0, 0]": 0.31544203807889004,
    "[0, 2, 0, 0, 0, 2, 0, 0, 0, 0]": 0.8420388252527709,
    "[3, 9, 0, 1, 1, 2, 0, 0, 0, 0]": 0.37062761119606286,
    "[0, 2, 3, 3, 1, 1, 0, 0, 0, 1]": 0.8862281793423885,
    "[3, 1, 0, 1, 1, 0, 0, 1, 0, 1]": 0.32118423970982524,
    "[0, 9, 0, 1, 1, 1, 0, 0, 0, 1]": 0.8535338136371816,
    "[0, 2, 0, 1, 0, 1, 0, 1, 0, 1]": 0.8664716858135738,
    "[0, 2, 0, 1, 0, 2, 0, 1, 0, 0]": 0.8647316729614826,
    "[0, 2, 0, 3, 1, 1, 1, 0, 0, 1]": 0.8810287690515937,
    "[0, 2, 3, 1, 1, 2, 0, 1, 0, 1]": 0.8893608292146375,
    "[0, 2, 4, 1, 1, 0, 2, 0, 0, 0]": 0.8574476077901108,
    "[1, 9, 0, 1, 1, 1, 0, 1, 0, 0]": 0.0
  },